/****************************************************************************************************************************************/
/*	Mise a jour de la DB Stitchland pour World of Draenor 6.24 - 21742 - Developpement du Repack & support sur http://aquayoup.123.fr */
/* Autant que possible préférez la DB complete aux updates . Les updates ne comprennent que les modifications importantes 		 		    */
/* comme les debugs de quetes mais ne comprend pas forcement des details cosmetiques ou petits spawns											    */
/*																																																				    */
/*	Stitch 2017-06 - V1.0	Cosmetiques																														 		 			    */
/****************************************************************************************************************************************/

 SET NAMES utf8 ;
 
/****************************************************************************************/
/* 				Divers - Ange de rez	.npc add 6491	-  Reparation .npc add 29523					*/
/****************************************************************************************/

/* affecté a : Mulgore, CI de la mesa de Nuage rouge (34) */
# INSERT IGNORE INTO `graveyard_zone` (`ID`, `GhostZone`, `Faction`, `Comment`) VALUES (34 , 221, 0, "Stitch : Mulgore - Camp narache");







/****************************************************************************************/
/* 				Cosmetiques                                                                                                				*/
/****************************************************************************************/
# UPDATE `creature_loot_template` SET `Chance` = `Chance`+2 WHERE `creature_loot_template`.`Entry` = 8301 ;
# UPDATE `creature_loot_template` SET `Chance` = '100' WHERE `creature_loot_template`.`Entry` = 11560 AND `creature_loot_template`.`Item` = 15849;

UPDATE `creature` SET `spawndist`=15,`MovementType` = '1'  WHERE `spawndist` = 0 AND `id` = 2955;


REPLACE INTO `creature_template_addon` (`entry`, `path_id`, `mount`, `bytes1`, `bytes2`, `emote`, `auras`) VALUES (1322, 0, 0, 0, 1, 233, NULL); # Tape avec masse/pioche (si equipé)
REPLACE INTO `creature_template_addon` (`entry`, `path_id`, `mount`, `bytes1`, `bytes2`, `emote`, `auras`) VALUES (49944, 0, 0, 0, 0, 0, 97014); # Pecher

REPLACE INTO `creature_template_addon` (`entry`, `path_id`, `mount`, `bytes1`, `bytes2`, `emote`, `auras`) VALUES (49921 , 0, 0, 0, 0, 0, 79506); # Parler

REPLACE INTO `creature_template_addon` (`entry`, `path_id`, `mount`, `bytes1`, `bytes2`, `emote`, `auras`) VALUES (41162, 0, 0, 0, 0, 431, NULL); # Effrayé
REPLACE INTO `creature_template_addon` (`entry`, `path_id`, `mount`, `bytes1`, `bytes2`, `emote`, `auras`) VALUES (76103, 0, 0, 8, 1, 0, NULL); # agenouillé



REPLACE INTO `creature_template_addon` (`entry`, `path_id`, `mount`, `bytes1`, `bytes2`, `emote`, `auras`) VALUES (15614, 0, 0, 0, 4097, 69, NULL); # Travail avec mains
REPLACE INTO `creature_template_addon` (`entry`, `path_id`, `mount`, `bytes1`, `bytes2`, `emote`, `auras`) VALUES (16091, 0, 0, 3, 257, 0, NULL); # Dort allongé    
REPLACE INTO `creature_template_addon` (`entry`, `path_id`, `mount`, `bytes1`, `bytes2`, `emote`, `auras`) VALUES (15176, 0, 0, 0, 1, 233, NULL); # Tape avec masse
REPLACE INTO `creature_template_addon` (`entry`, `path_id`, `mount`, `bytes1`, `bytes2`, `emote`, `auras`) VALUES (17082, 0, 0, 1, 1, 0, NULL); # Assis par terre
REPLACE INTO `creature_template_addon` (`entry`, `path_id`, `mount`, `bytes1`, `bytes2`, `emote`, `auras`) VALUES (15174, 0, 0, 1, 1, 0, NULL); # Assis par terre
REPLACE INTO `creature_template_addon` (`entry`, `path_id`, `mount`, `bytes1`, `bytes2`, `emote`, `auras`) VALUES (15178, 0, 0, 0, 4097, 93, 43905); # Ivre
REPLACE INTO `creature_template_addon` (`entry`, `path_id`, `mount`, `bytes1`, `bytes2`, `emote`, `auras`) VALUES (15177, 0, 0, 0, 4097, 93, 43905); # Ivre
REPLACE INTO `creature_template_addon` (`entry`, `path_id`, `mount`, `bytes1`, `bytes2`, `emote`, `auras`) VALUES (15722, 0, 0, 0, 4097, 69, NULL); # Travail avec mains
REPLACE INTO `creature_template_addon` (`entry`, `path_id`, `mount`, `bytes1`, `bytes2`, `emote`, `auras`) VALUES (15183, 0, 0, 0, 4097, 69, NULL); # Travail avec mains
REPLACE INTO `creature_template_addon` (`entry`, `path_id`, `mount`, `bytes1`, `bytes2`, `emote`, `auras`) VALUES (50588, 0, 0, 0, 0, 0, 104015); # Stun        
REPLACE INTO `creature_template_addon` (`entry`, `path_id`, `mount`, `bytes1`, `bytes2`, `emote`, `auras`) VALUES (50587, 0, 0, 0, 0, 0, 104015); # Stun        
REPLACE INTO `creature_template_addon` (`entry`, `path_id`, `mount`, `bytes1`, `bytes2`, `emote`, `auras`) VALUES (15191, 0, 0, 0, 0, 0, 101090); # State - Dance
REPLACE INTO `creature_template_addon` (`entry`, `path_id`, `mount`, `bytes1`, `bytes2`, `emote`, `auras`) VALUES (15282, 0, 0, 0, 0, 0, 101090); # State - Dance
REPLACE INTO `creature_equip_template` (`CreatureID`, `ID`, `ItemID1`, `ItemID2`, `ItemID3`, `VerifiedBuild`) VALUES ('15176', '1', '122385', '0', '0', '0');

REPLACE INTO `creature` (`guid`, `id`, `map`, `zoneId`, `areaId`, `spawnMask`, `PhaseId`, `PhaseGroup`, `modelid`, `equipment_id`, `position_x`, `position_y`, `position_z`, `orientation`, `spawntimesecs`, `spawndist`, `currentwaypoint`, `curhealth`, `curmana`, `MovementType`, `npcflag`, `unit_flags`, `dynamicflags`, `VerifiedBuild`) VALUES
(362188, 15541, 1, 0, 0, 1, 0, 0, 0, 1, -6705.91, 196.96, 2.35525, 3.95505, 240, 3, 0, 17024, 0, 2, 0, 134250496, 0, 0),
(362189, 15542, 1, 0, 0, 1, 0, 0, 0, 1, -6704.11, 203.625, 1.14813, 3.95112, 240, 0, 0, 6540, 0, 0, 0, 134217728, 0, 0),
(362190, 15542, 1, 0, 0, 1, 0, 0, 0, 1, -6698.64, 198.612, 1.0603, 3.83724, 240, 15, 0, 6302, 0, 2, 0, 134217728, 0, 0),
(21070909, 15542, 1, 0, 0, 1, 0, 0, 0, 1, -7687.96, 1193.18, -0.456444, 3.22266, 300, 0, 0, 6302, 0, 0, 0, 134217728, 0, 0),
(21070910, 15542, 1, 0, 0, 1, 0, 0, 0, 1, -7682.98, 1197.47, 0.575194, 3.22462, 300, 0, 0, 6540, 0, 0, 0, 134217728, 0, 0);

REPLACE INTO `creature` (`guid`, `id`, `map`, `zoneId`, `areaId`, `spawnMask`, `PhaseId`, `PhaseGroup`, `modelid`, `equipment_id`, `position_x`, `position_y`, `position_z`, `orientation`, `spawntimesecs`, `spawndist`, `currentwaypoint`, `curhealth`, `curmana`, `MovementType`, `npcflag`, `unit_flags`, `dynamicflags`, `VerifiedBuild`) VALUES
(1002877, 1000602, 1, 1377, 3077, 1, 0, 0, 0, 0, -6346.66, -256.267, -1.16169, 4.68737, 300, 0, 0, 1, 648, 0, 0, 0, 0, 0),
(1002878, 1000603, 1, 1377, 3077, 1, 0, 0, 0, 0, -6356.37, -315.766, -1.54338, 5.22929, 300, 0, 0, 1, 648, 0, 0, 0, 0, 0);

REPLACE INTO `gameobject_template` (`entry`, `type`, `displayId`, `name`, `IconName`, `castBarCaption`, `unk1`, `faction`, `flags`, `size`, `Data0`, `Data1`, `Data2`, `Data3`, `Data4`, `Data5`, `Data6`, `Data7`, `Data8`, `Data9`, `Data10`, `Data11`, `Data12`, `Data13`, `Data14`, `Data15`, `Data16`, `Data17`, `Data18`, `Data19`, `Data20`, `Data21`, `Data22`, `Data23`, `Data24`, `Data25`, `Data26`, `Data27`, `Data28`, `Data29`, `Data30`, `Data31`, `Data32`, `unkInt32`, `AIName`, `ScriptName`, `VerifiedBuild`) VALUES
(15000108, 5, 10130, 'Palmier uldum 402197 ', '', '', '', 0, 0, 0.5, 0, 0, 0, 0, 0, 0, 0, 0, 0, 0, 0, 0, 0, 0, 0, 0, 0, 0, 0, 0, 0, 0, 0, 0, 0, 0, 0, 0, 0, 0, 0, 0, 0, 0, '', '', 19342);
 REPLACE INTO `gameobject_template` (`entry`, `type`, `displayId`, `name`, `IconName`, `castBarCaption`, `unk1`, `faction`, `flags`, `size`, `Data0`, `Data1`, `Data2`, `Data3`, `Data4`, `Data5`, `Data6`, `Data7`, `Data8`, `Data9`, `Data10`, `Data11`, `Data12`, `Data13`, `Data14`, `Data15`, `Data16`, `Data17`, `Data18`, `Data19`, `Data20`, `Data21`, `Data22`, `Data23`, `Data24`, `Data25`, `Data26`, `Data27`, `Data28`, `Data29`, `Data30`, `Data31`, `Data32`, `unkInt32`, `AIName`, `ScriptName`, `VerifiedBuild`) VALUES
(15000109, 5, 10130, 'Palmier uldum 402197 ', '', '', '', 0, 0, 0.25, 0, 0, 0, 0, 0, 0, 0, 0, 0, 0, 0, 0, 0, 0, 0, 0, 0, 0, 0, 0, 0, 0, 0, 0, 0, 0, 0, 0, 0, 0, 0, 0, 0, 0, '', '', 19342);

#--- Palmiers
REPLACE INTO `gameobject` (`guid`, `id`, `map`, `zoneId`, `areaId`, `spawnMask`, `PhaseId`, `PhaseGroup`, `position_x`, `position_y`, `position_z`, `orientation`, `rotation0`, `rotation1`, `rotation2`, `rotation3`, `spawntimesecs`, `animprogress`, `state`, `VerifiedBuild`) VALUES
(21024782, 15000108, 1, 0, 0, 1, 0, 0, -7944.48, 1469.59, -5.89843, 4.38896, 0, 0, 0.811732, -0.58403, 300, 0, 1, 0),
(21024781, 15000108, 1, 0, 0, 1, 0, 0, -8375.92, 1455.11, 12.7522, 3.1284, 0, 0, 0.999978, 0.00659564, 300, 0, 1, 0),
(21024780, 15000109, 1, 0, 0, 1, 0, 0, -8335.22, 1424.18, 4.62939, 4.4518, 0, 0, 0.792986, -0.60924, 300, 0, 1, 0),
(21024779, 15000108, 1, 0, 0, 1, 0, 0, -8336.66, 1506.1, 0.156043, 3.60357, 0, 0, 0.973441, -0.228939, 300, 0, 1, 0),
(21024778, 15000108, 1, 0, 0, 1, 0, 0, -8169.15, 1667.86, 0.843362, 0.789873, 0, 0, 0.38475, 0.923021, 300, 0, 1, 0),
(21024777, 15000108, 1, 0, 0, 1, 0, 0, -8189.56, 1603.18, 0.731452, 1.61062, 0, 0, 0.721044, 0.692889, 300, 0, 1, 0),
(21024776, 15000108, 1, 0, 0, 1, 0, 0, -8219.43, 1540.27, 0.840451, 6.2425, 0, 0, 0.0203406, -0.999793, 300, 0, 1, 0),
(21024775, 15000108, 1, 0, 0, 1, 0, 0, -8247.25, 1469.9, 4.96678, 3.34831, 0, 0, 0.994663, -0.103173, 300, 0, 1, 0),
(21024774, 15000108, 1, 0, 0, 1, 0, 0, -7985.12, 1768.12, -3.93889, 5.05262, 0, 0, 0.577189, -0.816611, 300, 0, 1, 0),
(21024773, 15000108, 1, 0, 0, 1, 0, 0, -7922.73, 1965.32, 4.61486, 2.29195, 0, 0, 0.911111, 0.41216, 300, 0, 1, 0),
(21024772, 15000109, 1, 0, 0, 1, 0, 0, -7837.15, 1888.26, 2.59703, 1.43586, 0, 0, 0.657828, 0.753168, 300, 0, 1, 0),
(21024771, 15000109, 1, 0, 0, 1, 0, 0, -7867.85, 1852.03, 2.30006, 1.42212, 0, 0, 0.652637, 0.757671, 300, 0, 1, 0),
(21024770, 15000109, 1, 0, 0, 1, 0, 0, -7929.42, 1806.58, 0.743602, 1.66167, 0, 0, 0.738493, 0.674261, 300, 0, 1, 0),
(21024769, 15000109, 1, 0, 0, 1, 0, 0, -8101.2, 1601.7, 12.9434, 2.88885, 0, 0, 0.992026, 0.126035, 300, 0, 1, 0),
(21024768, 15000108, 1, 0, 0, 1, 0, 0, -8086.14, 1467.49, 2.62213, 3.63498, 0, 0, 0.969725, -0.244198, 300, 0, 1, 0),
(21024767, 15000109, 1, 0, 0, 1, 0, 0, -8008.26, 1134.87, -1.69153, 4.54996, 0, 0, 0.762139, -0.647414, 300, 0, 1, 0),
(21024766, 15000109, 1, 0, 0, 1, 0, 0, -8037.86, 1094.07, 6.49033, 0.950875, 0, 0, 0.457727, 0.889093, 300, 0, 1, 0),
(21024765, 15000109, 1, 0, 0, 1, 0, 0, -8015.33, 1083.47, 4.50786, 1.94048, 0, 0, 0.82502, 0.565103, 300, 0, 1, 0),
(21024764, 15000108, 1, 0, 0, 1, 0, 0, -7948.4, 1192.49, -3.64758, 3.33259, 0, 0, 0.995443, -0.0953558, 300, 0, 1, 0),
(21024763, 15000108, 1, 0, 0, 1, 0, 0, -7791.94, 1162.79, 2.81943, 3.55055, 0, 0, 0.979167, -0.203055, 300, 0, 1, 0),
(21024762, 15000108, 1, 0, 0, 1, 0, 0, -7898.06, 1350.5, -9.42878, 5.90477, 0, 0, 0.18808, -0.982154, 300, 0, 1, 0),
(21024761, 15000108, 1, 0, 0, 1, 0, 0, -7601.7, 289.635, 2.44233, 1.75394, 0, 0, 0.768805, 0.639483, 300, 0, 1, 0),
(21024760, 15000109, 1, 0, 0, 1, 0, 0, -7228.1, 421.57, 23.8173, 2.88884, 0, 0, 0.992025, 0.12604, 300, 0, 1, 0),
(21024759, 15000108, 1, 0, 0, 1, 0, 0, -7050.05, 248.101, 2.37245, 1.3043, 0, 0, 0.606896, 0.794781, 300, 0, 1, 0),
(21024758, 15000108, 1, 0, 0, 1, 0, 0, -7047.15, 358.542, 3.34852, 3.39739, 0, 0, 0.991832, -0.127548, 300, 0, 1, 0),
(21024757, 15000108, 1, 0, 0, 1, 0, 0, -7090.41, 466.682, 2.03707, 5.23718, 0, 0, 0.499484, -0.866323, 300, 0, 1, 0),
(21024756, 15000108, 1, 0, 0, 1, 0, 0, -6367.87, 483.349, -1.78485, 1.41622, 0, 0, 0.650398, 0.759593, 300, 0, 1, 0),
(21024755, 15000109, 1, 0, 0, 1, 0, 0, -6416.55, 242.093, 8.22776, 2.39993, 0, 0, 0.932026, 0.36239, 300, 0, 1, 0),
(21024754, 15000108, 1, 0, 0, 1, 0, 0, -6345.34, 205.186, 3.07148, 1.89924, 0, 0, 0.813193, 0.581994, 300, 0, 1, 0),
(21024753, 15000108, 1, 0, 0, 1, 0, 0, -6433.13, 175.816, 6.45813, 4.29863, 0, 0, 0.837274, -0.546783, 300, 0, 1, 0),
(21024752, 15000108, 1, 0, 0, 1, 0, 0, -6374.8, 281.516, 4.36119, 5.79678, 0, 0, 0.240814, -0.970571, 300, 0, 1, 0),
(21024751, 15000108, 1, 0, 0, 1, 0, 0, -6432.26, 311.594, 3.97745, 4.171, 0, 0, 0.870438, -0.492278, 300, 0, 1, 0),
(21024750, 15000108, 1, 0, 0, 1, 0, 0, -6810.13, 891.084, 33.0987, 0.82324, 0, 0, 0.400095, 0.916474, 300, 0, 1, 0),
(21024749, 15000109, 1, 0, 0, 1, 0, 0, -6877.7, 908.427, 31.8264, 1.10206, 0, 0, 0.523565, 0.851986, 300, 0, 1, 0),
(21024748, 15000108, 1, 0, 0, 1, 0, 0, -6915.86, 936.699, 15.6168, 5.60435, 0, 0, 0.332937, -0.942949, 300, 0, 1, 0),
(21024747, 15000108, 1, 0, 0, 1, 0, 0, -6951.99, 903.776, 9.2448, 4.24757, 0, 0, 0.850957, -0.525235, 300, 0, 1, 0),
(21024746, 15000108, 1, 0, 0, 1, 0, 0, -6894.8, 854.733, 29.6309, 0.852694, 0, 0, 0.413548, 0.910482, 300, 0, 1, 0),
(21024745, 15000108, 1, 0, 0, 1, 0, 0, -6869.18, 800.947, 37.8216, 1.13544, 0, 0, 0.53771, 0.84313, 300, 0, 1, 0),
(21024744, 15000109, 1, 0, 0, 1, 0, 0, -6884.88, 755.581, 41.4621, 3.7783, 0, 0, 0.949751, -0.313005, 300, 0, 1, 0),
(21024743, 15000109, 1, 0, 0, 1, 0, 0, -6862.68, 702.984, 43.1575, 5.22344, 0, 0, 0.505424, -0.862871, 300, 0, 1, 0),
(21024742, 15000108, 1, 0, 0, 1, 0, 0, -6811.01, 744.744, 47.6252, 0.756481, 0, 0, 0.369286, 0.929316, 300, 0, 1, 0),
(21024741, 15000108, 1, 0, 0, 1, 0, 0, -6832.27, 685.983, 17.1992, 3.80382, 0, 0, 0.94568, -0.325098, 300, 0, 1, 0),
(21024740, 15000109, 1, 0, 0, 1, 0, 0, -6782.78, 703.076, 34.2734, 0.344149, 0, 0, 0.171226, 0.985232, 300, 0, 1, 0),
(21024739, 15000109, 1, 0, 0, 1, 0, 0, -6779.5, 660.063, 12.9794, 3.48181, 0, 0, 0.985566, -0.169291, 300, 0, 1, 0),
(21024738, 15000108, 1, 0, 0, 1, 0, 0, -6858.21, 586.732, -1.48155, 3.472, 0, 0, 0.986385, -0.164453, 300, 0, 1, 0),
(21024737, 15000109, 1, 0, 0, 1, 0, 0, -6749.98, 633.219, 2.51336, 1.73823, 0, 0, 0.763758, 0.645502, 300, 0, 1, 0),
(21024736, 15000108, 1, 0, 0, 1, 0, 0, -6672.62, 494.491, 2.07876, 5.29412, 0, 0, 0.47462, -0.880191, 300, 0, 1, 0),
(21024735, 15000108, 1, 0, 0, 1, 0, 0, -6691.21, 562.137, 0.993304, 0.982289, 0, 0, 0.471635, 0.881794, 300, 0, 1, 0),
(21024734, 15000108, 1, 0, 0, 1, 0, 0, -6843.17, 518.852, 2.24652, 3.51323, 0, 0, 0.982785, -0.184753, 300, 0, 1, 0),
(21024733, 15000109, 1, 0, 0, 1, 0, 0, -6827.99, 568.337, -1.48041, 2.16627, 0, 0, 0.883432, 0.468559, 300, 0, 1, 0),
(21024732, 15000109, 1, 0, 0, 1, 0, 0, -6782.73, 533.88, -1.36795, 1.08831, 0, 0, 0.517697, 0.855564, 300, 0, 1, 0),
(21024731, 15000109, 1, 0, 0, 1, 0, 0, -6744.31, 516.632, -1.4529, 1.61257, 0, 0, 0.721719, 0.692186, 300, 0, 1, 0),
(21024730, 15000109, 1, 0, 0, 1, 0, 0, -6755.25, 408.179, 14.7554, 0.487483, 0, 0, 0.241335, 0.970442, 300, 0, 1, 0),
(21024729, 15000109, 1, 0, 0, 1, 0, 0, -6786.02, 352.478, 13.1354, 2.47454, 0, 0, 0.944894, 0.327377, 300, 0, 1, 0),
(21024728, 15000109, 1, 0, 0, 1, 0, 0, -6754.42, 319.95, 4.86635, 1.3259, 0, 0, 0.615443, 0.788181, 300, 0, 1, 0),
(21024727, 15000108, 1, 0, 0, 1, 0, 0, -6810.7, 116.205, 1.00225, 1.03137, 0, 0, 0.493132, 0.869955, 300, 0, 1, 0),
(21024726, 15000108, 1, 0, 0, 1, 0, 0, -6802.33, 244.378, 0.0566136, 1.80499, 0, 0, 0.784875, 0.619655, 300, 0, 1, 0),
(21024725, 15000108, 1, 0, 0, 1, 0, 0, -6748, 264.311, -0.976532, 3.82542, 0, 0, 0.942114, -0.335292, 300, 0, 1, 0),
(21024724, 15000108, 1, 0, 0, 1, 0, 0, -6541.65, 332.38, -0.171842, 1.41229, 0, 0, 0.648905, 0.760869, 300, 0, 1, 0),
(21024723, 15000108, 1, 0, 0, 1, 0, 0, -6561.05, 233.23, 2.62657, 5.96367, 0, 0, 0.159078, -0.987266, 300, 0, 1, 0),
(21024722, 15000108, 1, 0, 0, 1, 0, 0, -6675.57, 261.174, 3.78814, 1.31608, 0, 0, 0.611566, 0.791193, 300, 0, 1, 0),
(21024721, 15000108, 1, 0, 0, 1, 0, 0, -6706.88, 97.5713, 3.1923, 0.648491, 0, 0, 0.318594, 0.947891, 300, 0, 1, 0),
(21024720, 15000108, 1, 0, 0, 1, 0, 0, -6776.69, 26.4093, -0.652476, 2.56486, 0, 0, 0.95871, 0.284384, 300, 0, 1, 0),
(21024719, 15000108, 1, 0, 0, 1, 0, 0, -6451.39, -309.958, -0.0285648, 2.15057, 0, 0, 0.879726, 0.475482, 300, 0, 1, 0),
(21024718, 15000108, 1, 0, 0, 1, 0, 0, -6270.81, -357.794, 6.79734, 5.94012, 0, 0, 0.170695, -0.985324, 300, 0, 1, 0),
(21024717, 15000109, 1, 0, 0, 1, 0, 0, -6343.03, -255.692, -0.93501, 5.33143, 0, 0, 0.458119, -0.888891, 300, 0, 1, 0),
(21024716, 15000109, 1, 0, 0, 1, 0, 0, -6411.41, -207.807, -4.46636, 1.60472, 0, 0, 0.718997, 0.695013, 300, 0, 1, 0),
(21024715, 15000109, 1, 0, 0, 1, 0, 0, -6469.66, -193.767, -2.24004, 4.9564, 0, 0, 0.615792, -0.787908, 300, 0, 1, 0),
(21024714, 15000108, 1, 0, 0, 1, 0, 0, -6527.83, -181.99, 0.865492, 2.67482, 0, 0, 0.972888, 0.231275, 300, 0, 1, 0),
(21024713, 15000108, 1, 0, 0, 1, 0, 0, -6443.23, -242.984, 0.832449, 4.5637, 0, 0, 0.757674, -0.652633, 300, 0, 1, 0),
(21024712, 15000109, 1, 0, 0, 1, 0, 0, -6463.32, -144.44, 9.8443, 0.114424, 0, 0, 0.0571808, 0.998364, 300, 0, 1, 0),
(21024711, 15000108, 1, 0, 0, 1, 0, 0, -6393.76, -185.947, 6.02261, 4.70311, 0, 0, 0.710379, -0.703819, 300, 0, 1, 0),
(21024710, 15000108, 1, 0, 0, 1, 0, 0, -6354.33, -199.977, 3.99149, 3.57607, 0, 0, 0.976497, -0.215533, 300, 0, 1, 0),
(21024709, 15000108, 1, 0, 0, 1, 0, 0, -6311.28, -254.873, 0.158418, 0.187073, 0, 0, 0.0934002, 0.995629, 300, 0, 1, 0),
(21024708, 15000109, 1, 0, 0, 1, 0, 0, -6297.98, -296.698, 8.7243, 0.461956, 0, 0, 0.22893, 0.973443, 300, 0, 1, 0),
(21024707, 15000108, 1, 0, 0, 1, 0, 0, -6342.58, -347.718, 0.893247, 4.59511, 0, 0, 0.747331, -0.664451, 300, 0, 1, 0),
(21024691, 15000026, 1, 0, 0, 1, 0, 0, -6413.1, -343.482, -0.0146973, 4.50674, 0, 0, 0.77595, -0.630794, 300, 0, 1, 0),
(21024806, 15000108, 1, 0, 0, 1, 0, 0, -8330.41, 451.375, 198.012, 0.660282, 0, 0, 0.324176, 0.945997, 300, 0, 1, 0),
(21024805, 15000108, 1, 0, 0, 1, 0, 0, -8334.6, 396.169, 204.196, 4.68741, 0, 0, 0.715883, -0.698221, 300, 0, 1, 0),
(21024804, 15000108, 1, 0, 0, 1, 0, 0, -8317.01, 509.838, 184.794, 4.64814, 0, 0, 0.729452, -0.684032, 300, 0, 1, 0),
(21024802, 15000108, 1, 0, 0, 1, 0, 0, -8283.07, 591.62, 180.902, 3.66247, 0, 0, 0.966278, -0.257503, 300, 0, 1, 0),
(21024801, 15000108, 1, 0, 0, 1, 0, 0, -8232.99, 696, 176.932, 3.94325, 0, 0, 0.920738, -0.390181, 300, 0, 1, 0),
(21024800, 15000108, 1, 0, 0, 1, 0, 0, -8200.65, 777.06, 159.864, 5.11742, 0, 0, 0.550431, -0.834881, 300, 0, 1, 0),
(21024799, 15000108, 1, 0, 0, 1, 0, 0, -8207.45, 871.885, 177.284, 5.88515, 0, 0, 0.197707, -0.980261, 300, 0, 1, 0),
(21024798, 15000108, 1, 0, 0, 1, 0, 0, -8215.32, 946.148, 173.379, 0.212613, 0, 0, 0.106106, 0.994355, 300, 0, 1, 0);

#--- Cercle cénarien faction 609/994
REPLACE INTO `creature` (`guid`, `id`, `map`, `zoneId`, `areaId`, `spawnMask`, `PhaseId`, `PhaseGroup`, `modelid`, `equipment_id`, `position_x`, `position_y`, `position_z`, `orientation`, `spawntimesecs`, `spawndist`, `currentwaypoint`, `curhealth`, `curmana`, `MovementType`, `npcflag`, `unit_flags`, `dynamicflags`, `VerifiedBuild`) VALUES
(362191, 15545, 1, 0, 0, 1, 0, 0, 15307, 1, -6799.13, 120.588, 3.40029, 5.55137, 240, 10, 0, 5874, 0, 1, 0, 134250496, 0, 0),
(362192, 15545, 1, 1377, 1377, 1, 0, 0, 0, 1, -6796.75, 126.362, 3.81732, 5.2709, 240, 0, 0, 1, 0, 0, 0, 0, 0, 0),
(362195, 15545, 1, 0, 0, 1, 0, 0, 0, 1, -6808.9, 128.095, 2.37288, 0.750626, 240, 10, 0, 5874, 0, 1, 0, 134250496, 0, 0),
(362813, 15545, 1, 1377, 2743, 1, 0, 0, 0, 1, -7006.42, 1702.99, 1.62108, 6.12611, 240, 0, 0, 1, 0, 0, 0, 0, 0, 0),
(362819, 15545, 1, 1377, 2743, 1, 0, 0, 0, 1, -7013.45, 1713.98, 0.926241, 4.62512, 240, 0, 0, 1, 0, 0, 0, 0, 0, 0),
(362821, 15545, 1, 1377, 2743, 1, 0, 0, 0, 1, -7014.02, 1731.86, 0.931739, 3.24631, 240, 0, 0, 1, 0, 0, 0, 0, 0, 0),
(362826, 15545, 1, 1377, 2743, 1, 0, 0, 0, 1, -7024.78, 1707.72, 3.0496, 0.15708, 240, 0, 0, 1, 0, 0, 0, 0, 0, 0),
(363560, 15545, 1, 0, 0, 1, 0, 0, 15307, 1, -7741.37, 1193.26, 3.33228, 4.97999, 240, 10, 0, 5874, 0, 1, 0, 134250496, 0, 0),
(363562, 15545, 1, 1377, 1377, 1, 0, 0, 0, 1, -7786.54, 1173.57, 3.48564, 0.039834, 240, 0, 0, 1, 0, 0, 0, 0, 0, 0),
(363564, 15545, 1, 0, 0, 1, 0, 0, 0, 1, -7787.77, 1185.48, 3.05693, 5.04282, 240, 10, 0, 5874, 0, 1, 0, 134250496, 0, 0),
(363565, 15545, 1, 0, 0, 1, 0, 0, 15305, 1, -7749.37, 1201.17, 5.16291, 6.12864, 240, 3, 0, 5874, 0, 2, 0, 134250496, 0, 0);

#---Divers spawn
REPLACE INTO `creature` (`guid`, `id`, `map`, `zoneId`, `areaId`, `spawnMask`, `PhaseId`, `PhaseGroup`, `modelid`, `equipment_id`, `position_x`, `position_y`, `position_z`, `orientation`, `spawntimesecs`, `spawndist`, `currentwaypoint`, `curhealth`, `curmana`, `MovementType`, `npcflag`, `unit_flags`, `dynamicflags`, `VerifiedBuild`) VALUES
(21070923, 15293, 1, 0, 0, 1, 0, 0, 0, 1, -7207.84, 434.252, 29.2988, 5.05461, 300, 0, 0, 7930, 2434, 0, 0, 0, 0, 0),
(21070921, 14476, 1, 0, 0, 1, 0, 0, 0, 0, -6983.46, 369.692, 3.81238, 5.69274, 300, 25, 0, 3701, 0, 1, 0, 0, 0, 0),
(21070920, 14472, 1, 0, 0, 1, 0, 0, 0, 0, -7669.22, 291.017, 6.28882, 5.10566, 300, 25, 0, 3701, 0, 1, 0, 0, 0, 0),
(21070919, 14862, 1, 0, 0, 1, 0, 0, 0, 0, -7295.64, 786.112, 2.81049, 4.91717, 300, 25, 0, 14802, 4326, 1, 0, 0, 0, 0),
(21070918, 15570, 1, 0, 0, 1, 0, 0, 0, 0, -6149.1, 1772.31, 30.7589, 3.43865, 300, 0, 0, 5640, 5751, 0, 0, 0, 0, 0),
(21070917, 14435, 1, 0, 0, 1, 0, 0, 0, 0, -6248.63, 1716.93, 4.46124, 0.410943, 300, 10, 0, 320700, 0, 2, 0, 0, 0, 0),
(21070916, 14478, 1, 0, 0, 1, 0, 0, 0, 0, -6571.62, 1805.39, 3.23007, 0.161578, 300, 25, 0, 3633, 2117, 1, 0, 0, 0, 0),
(21070915, 14454, 1, 0, 0, 1, 0, 0, 0, 0, -6720.12, 1751.12, -0.69631, 3.43865, 300, 25, 0, 29370, 0, 1, 0, 0, 0, 0),
(21070914, 14477, 1, 0, 0, 1, 0, 0, 0, 0, -7744.64, 1651.93, 6.30989, 5.46695, 300, 25, 0, 3701, 0, 1, 0, 0, 0, 0),
(21070913, 14536, 1, 0, 0, 1, 0, 0, 0, 0, -7969.95, 1747.42, -2.95526, 4.58141, 300, 25, 0, 46992, 12170, 1, 0, 0, 0, 0),
(21070912, 14471, 1, 0, 0, 1, 0, 0, 0, 0, -8077.99, 1523.37, 2.60989, 6.09134, 300, 25, 0, 4934, 0, 1, 0, 0, 0, 0),
(21070911, 15308, 1, 0, 0, 1, 0, 0, 0, 1, -7894.91, 1891.54, 8.42831, 3.3228, 300, 0, 0, 13622, 10412, 0, 0, 0, 0, 0);
REPLACE INTO `creature` (`guid`, `id`, `map`, `zoneId`, `areaId`, `spawnMask`, `PhaseId`, `PhaseGroup`, `modelid`, `equipment_id`, `position_x`, `position_y`, `position_z`, `orientation`, `spawntimesecs`, `spawndist`, `currentwaypoint`, `curhealth`, `curmana`, `MovementType`, `npcflag`, `unit_flags`, `dynamicflags`, `VerifiedBuild`) VALUES
(21070942, 15442, 1, 0, 0, 1, 0, 0, 0, 1, -7159.75, 1428.99, 4.75209, 2.5315, 300, 0, 0, 29370, 0, 0, 0, 0, 0, 0),
(21070941, 15442, 1, 0, 0, 1, 0, 0, 0, 1, -7161.92, 1423.88, 4.49067, 2.79854, 300, 0, 0, 29370, 0, 0, 0, 0, 0, 0),
(21070938, 15441, 1, 0, 0, 1, 0, 0, 0, 1, -7156.73, 1416.51, 4.17257, 2.79265, 300, 0, 0, 11748, 0, 0, 0, 0, 0, 0),
(21070937, 15000079, 1, 0, 0, 1, 0, 0, 11686, 0, -7162.59, 1423.91, 4.48557, 5.79287, 300, 0, 0, 160, 0, 0, 0, 33685510, 0, 0),
(21070936, 15000079, 1, 0, 0, 1, 0, 0, 11686, 0, -7160.62, 1429.53, 4.81667, 2.69251, 300, 0, 0, 160, 0, 0, 0, 33685510, 0, 0),
(21070935, 15000079, 1, 0, 0, 1, 0, 0, 11686, 0, -7157.7, 1418.16, 4.22998, 3.11466, 300, 3, 0, 160, 0, 2, 0, 33685510, 0, 0),
(21070934, 15000079, 1, 0, 0, 1, 0, 0, 11686, 0, -7148.58, 1409.26, 4.5306, 5.51994, 300, 0, 0, 160, 0, 0, 0, 33685510, 0, 0),
(21070933, 15000079, 1, 0, 0, 1, 0, 0, 11686, 0, -7145.42, 1414.44, 4.92789, 4.22796, 300, 0, 0, 160, 0, 0, 0, 33685510, 0, 0),
(21070932, 15000079, 1, 0, 0, 1, 0, 0, 11686, 0, -7142.26, 1419.57, 4.99786, 0.0516107, 300, 0, 0, 160, 0, 0, 0, 33685510, 0, 0),
(21070931, 15441, 1, 0, 0, 1, 0, 0, 0, 1, -7149.93, 1410.28, 4.40954, 5.78502, 300, 0, 0, 11748, 0, 0, 0, 0, 0, 0),
(21070930, 15441, 1, 0, 0, 1, 0, 0, 0, 1, -7146.45, 1414.97, 4.86582, 5.79287, 300, 0, 0, 11748, 0, 0, 0, 0, 0, 0),
(21070929, 15441, 1, 0, 0, 1, 0, 0, 0, 1, -7143.69, 1420.16, 4.98664, 5.80073, 300, 0, 0, 11748, 0, 0, 0, 0, 0, 0),
(21070928, 15440, 1, 0, 0, 1, 0, 0, 0, 1, -7168.58, 1389.33, 2.91838, 0.0476906, 300, 0, 0, 49930, 0, 0, 0, 0, 0, 0),
(21070923, 15293, 1, 0, 0, 1, 0, 0, 0, 1, -7207.84, 434.252, 29.2988, 5.05461, 300, 0, 0, 7930, 2434, 0, 0, 0, 0, 0);

#---Mobs volants
UPDATE `creature` SET `spawndist`=10,`MovementType` = '1'  WHERE `spawndist` = 0 AND `id` = 11732;
REPLACE INTO `creature_template_addon` (`entry`, `path_id`, `mount`, `bytes1`, `bytes2`, `emote`, `auras`) VALUES (11732 , 0, 0, 33554432, 1, 0, NULL);        #  Voler
UPDATE `creature_template` SET `InhabitType` = 4 WHERE (entry = 11732 );       #  Voler
UPDATE `creature` SET `position_z` = `position_z`+7 WHERE `id` = 11732 ;

UPDATE `creature` SET `spawndist`=10,`MovementType` = '1'  WHERE  `id` = 11724;
REPLACE INTO `creature_template_addon` (`entry`, `path_id`, `mount`, `bytes1`, `bytes2`, `emote`, `auras`) VALUES (11724 , 0, 0, 33554432, 1, 0, NULL);        #  Voler
UPDATE `creature_template` SET `InhabitType` = 4 WHERE (entry = 11724 );       #  Voler
UPDATE `creature` SET `position_z` = `position_z`+7 WHERE `id` = 11724 ;

UPDATE `creature` SET `spawndist`=10,`MovementType` = '1'  WHERE  `id` = 11698;
REPLACE INTO `creature_template_addon` (`entry`, `path_id`, `mount`, `bytes1`, `bytes2`, `emote`, `auras`) VALUES (11698 , 0, 0, 33554432, 1, 0, NULL);        #  Voler
UPDATE `creature_template` SET `InhabitType` = 4 WHERE (entry = 11698 );       #  Voler
UPDATE `creature` SET `position_z` = `position_z`+7 WHERE `id` = 11698 ;

UPDATE `creature` SET `spawndist`=10,`MovementType` = '1'  WHERE  `id` = 11727;
REPLACE INTO `creature_template_addon` (`entry`, `path_id`, `mount`, `bytes1`, `bytes2`, `emote`, `auras`) VALUES (11727 , 0, 0, 33554432, 1, 0, NULL);        #  Voler
UPDATE `creature_template` SET `InhabitType` = 4 WHERE (entry = 11727 );       #  Voler
UPDATE `creature` SET `position_z` = `position_z`+7 WHERE `id` = 11727 ;

UPDATE `creature` SET `spawndist`=10,`MovementType` = '1'  WHERE  `id` = 13136;
REPLACE INTO `creature_template_addon` (`entry`, `path_id`, `mount`, `bytes1`, `bytes2`, `emote`, `auras`) VALUES (13136 , 0, 0, 33554432, 1, 0, NULL);        #  Voler
UPDATE `creature_template` SET `InhabitType` = 4 WHERE (entry = 13136 );       #  Voler
UPDATE `creature` SET `position_z` = `position_z`+7 WHERE `id` = 13136 ;


#---

UPDATE `creature` SET `spawndist`=10,`MovementType` = '1'  WHERE  `id` = 11741;
UPDATE `creature` SET `spawndist`=10,`MovementType` = '1'  WHERE  `id` = 11740;

REPLACE INTO `creature_equip_template` (`CreatureID`, `ID`, `ItemID1`, `ItemID2`, `ItemID3`, `VerifiedBuild`) VALUES (15441, 1, 2179, 0, 59577, 18019);
REPLACE INTO `creature_equip_template` (`CreatureID`, `ID`, `ItemID1`, `ItemID2`, `ItemID3`, `VerifiedBuild`) VALUES (17080, 1, 2179, 0, 0, 18019);


REPLACE INTO `creature` (`guid`, `id`, `map`, `zoneId`, `areaId`, `spawnMask`, `PhaseId`, `PhaseGroup`, `modelid`, `equipment_id`, `position_x`, `position_y`, `position_z`, `orientation`, `spawntimesecs`, `spawndist`, `currentwaypoint`, `curhealth`, `curmana`, `MovementType`, `npcflag`, `unit_flags`, `dynamicflags`, `VerifiedBuild`) VALUES
(21070955, 1000606, 1, 0, 0, 1, 0, 0, 0, 0, -6831.81, 832.011, 49.4549, 3.80855, 300, 0, 0, 160, 60, 2, 0, 0, 0, 0),
(21070953, 1000604, 1, 0, 0, 1, 0, 0, 0, 0, -6834.42, 833.431, 49.4633, 4.75496, 300, 0, 0, 160, 60, 2, 0, 0, 0, 0),
(21070952, 1000603, 1, 0, 0, 1, 0, 0, 0, 0, -6834.74, 830.309, 49.4569, 1.02628, 300, 0, 0, 160, 60, 2, 0, 0, 0, 0);


DELETE FROM `creature` WHERE `id` = 11882;
REPLACE INTO `creature` (`guid`, `id`, `map`, `zoneId`, `areaId`, `spawnMask`, `PhaseId`, `PhaseGroup`, `modelid`, `equipment_id`, `position_x`, `position_y`, `position_z`, `orientation`, `spawntimesecs`, `spawndist`, `currentwaypoint`, `curhealth`, `curmana`, `MovementType`, `npcflag`, `unit_flags`, `dynamicflags`, `VerifiedBuild`) VALUES
(363466, 11882, 1, 1377, 3099, 1, 0, 0, 0, 1, -7926.53, 1901.87, 10.0234, 5.5367, 240, 0, 0, 1, 0, 0, 0, 0, 0, 0),
(363462, 11882, 1, 1377, 3099, 1, 0, 0, 0, 1, -7907.72, 1899.83, 11.8827, 3.66519, 240, 0, 0, 1, 0, 0, 0, 0, 0, 0),
(363459, 11882, 1, 1377, 3099, 1, 0, 0, 0, 1, -7908.03, 1884.12, 12.5761, 2.57771, 240, 0, 0, 1, 0, 0, 0, 0, 0, 0),
(363454, 11882, 1, 1377, 3099, 1, 0, 0, 0, 1, -7921.69, 1881.98, 11.5819, 1.37016, 240, 0, 0, 1, 0, 0, 0, 0, 0, 0),
(362770, 11882, 1, 1377, 2739, 1, 0, 0, 0, 1, -6992.95, 1188.32, 16.4778, 5.49779, 240, 0, 0, 1, 0, 0, 0, 0, 0, 0),
(362769, 11882, 1, 1377, 2739, 1, 0, 0, 0, 1, -6974.02, 1170.91, 17.1244, 2.42601, 240, 0, 0, 1, 0, 0, 0, 0, 0, 0),
(362768, 11882, 1, 1377, 2739, 1, 0, 0, 0, 1, -6993.52, 1170.91, 16.7398, 0.802851, 240, 0, 0, 1, 0, 0, 0, 0, 0, 0),
(362755, 11882, 1, 1377, 2739, 1, 0, 0, 0, 1, -6977.08, 1191.04, 11.8974, 4.10152, 240, 0, 0, 1, 0, 0, 0, 0, 0, 0),
(362656, 11882, 1, 1377, 3098, 1, 0, 0, 0, 1, -6739.15, 1613.94, 17.7935, 0.663225, 240, 0, 0, 1, 0, 0, 0, 0, 0, 0),
(362653, 11882, 1, 1377, 3098, 1, 0, 0, 0, 1, -6710.64, 1612.67, 23.1585, 2.46091, 240, 0, 0, 1, 0, 0, 0, 0, 0, 0),
(362652, 11882, 1, 1377, 3098, 1, 0, 0, 0, 1, -6718.83, 1607.82, 18.5327, 1.93731, 240, 0, 0, 1, 0, 0, 0, 0, 0, 0),
(362650, 11882, 1, 1377, 3098, 1, 0, 0, 0, 1, -6730.18, 1602.51, 17.905, 1.36136, 240, 0, 0, 1, 0, 0, 0, 0, 0, 0),
(362646, 11882, 1, 1377, 3098, 1, 0, 0, 0, 1, -6715.85, 1634.96, 16.0706, 3.9619, 240, 0, 0, 1, 0, 0, 0, 0, 0, 0),
(362645, 11882, 1, 1377, 3098, 1, 0, 0, 0, 1, -6727.03, 1635.46, 23.8272, 4.85202, 240, 0, 0, 1, 0, 0, 0, 0, 0, 0),
(362644, 11882, 1, 1377, 3098, 1, 0, 0, 0, 1, -6711, 1624.17, 22.0324, 3.12414, 240, 0, 0, 1, 0, 0, 0, 0, 0, 0),
(362643, 11882, 1, 1377, 3098, 1, 0, 0, 0, 1, -6735.53, 1625.17, 21.7453, 6.21337, 240, 0, 0, 1, 0, 0, 0, 0, 0, 0);















UPDATE `creature_template` SET `flags_extra` = 128 WHERE entry = 33296;
UPDATE `creature` SET `spawntimesecs` = '15' WHERE `id` = 2952;
UPDATE `creature_template` SET `faction` = 103 WHERE (entry = 36094); # agressif
UPDATE `creature_template` SET `faction` = 188 WHERE (entry = 36113); # non agressif

REPLACE INTO `creature_template_addon` (`entry`, `path_id`, `mount`, `bytes1`, `bytes2`, `emote`, `auras`) VALUES (4692, 0, 0, 33554432, 1, 0, NULL);        #  Voler
UPDATE `creature_template` SET `InhabitType` = 4 WHERE (entry = 4692);       #  Voler
# UPDATE `creature` SET `position_z` = `position_z`+7 WHERE `id` = 4692;


/****************************************************************************************/



